scenario,seed,mode,experts,ranks,capacity,steps,mean_layer_ms,p95_layer_ms,mean_imbalance,layout_switches,weight_copies,flow_fallbacks,migration_total_ms,activation_total,case
steady,31,uniform,32,8,6,360,4.0314756944444445,4.152916666666667,2.963606770833333,0,0,0,0.0,368640,steady
steady,31,static,32,8,6,360,1.5145775462962965,1.58,1.0759331597222221,0,0,0,0.0,368640,steady
steady,31,dynamic,32,8,6,360,1.5145775462962965,1.58,1.0759331597222221,0,0,0,0.0,368640,steady
steady,47,uniform,32,8,6,360,4.0199594907407405,4.1425,2.9549696180555554,0,0,0,0.0,368640,steady
steady,47,static,32,8,6,360,1.5136516203703703,1.58,1.0752387152777778,0,0,0,0.0,368640,steady
steady,47,dynamic,32,8,6,360,1.5136516203703703,1.58,1.0752387152777778,0,0,0,0.0,368640,steady
steady,89,uniform,32,8,6,360,4.021087962962963,4.132083333333333,2.955815972222222,0,0,0,0.0,368640,steady
steady,89,static,32,8,6,360,1.5162557870370372,1.58,1.0771918402777778,0,0,0,0.0,368640,steady
steady,89,dynamic,32,8,6,360,1.5162557870370372,1.58,1.0771918402777778,0,0,0,0.0,368640,steady
shift,31,uniform,32,8,6,360,4.816313657407408,5.83,3.5522352430555557,0,0,0,0.0,368640,shift
shift,31,static,32,8,6,360,2.9471006944444444,4.600833333333333,2.1503255208333334,0,0,0,0.0,368640,shift
shift,31,dynamic,32,8,6,360,1.6959259259259258,2.4133333333333336,1.1819444444444445,3,96,0,14.399999999999999,368640,shift
shift,47,uniform,32,8,6,360,4.8185416666666665,5.83,3.55390625,0,0,0,0.0,368640,shift
shift,47,static,32,8,6,360,2.9187152777777783,4.527916666666667,2.129036458333333,0,0,0,0.0,368640,shift
shift,47,dynamic,32,8,6,360,1.686846064814815,2.205,1.1726345486111112,3,104,0,15.6,368640,shift
shift,89,uniform,32,8,6,360,4.818715277777779,5.83,3.5540364583333335,0,0,0,0.0,368640,shift
shift,89,static,32,8,6,360,2.8892013888888894,4.455,2.1069010416666667,0,0,0,0.0,368640,shift
shift,89,dynamic,32,8,6,360,1.691105324074074,2.2154166666666666,1.1795789930555556,3,92,0,13.799999999999999,368640,shift
oscillate,31,uniform,32,8,6,360,4.818744212962963,5.83,3.554058159722222,0,0,0,0.0,368640,oscillate
oscillate,31,static,32,8,6,360,2.9401562500000007,4.590416666666667,2.1451171875,0,0,0,0.0,368640,oscillate
oscillate,31,dynamic,32,8,6,360,2.019178240740741,2.29875,1.4043836805555556,5,160,0,24.0,368640,oscillate
oscillate,47,uniform,32,8,6,360,4.808732638888889,5.83,3.5465494791666665,0,0,0,0.0,368640,oscillate
oscillate,47,static,32,8,6,360,2.9142592592592598,4.5175,2.1256944444444446,0,0,0,0.0,368640,oscillate
oscillate,47,dynamic,32,8,6,360,2.1108101851851853,2.4341666666666666,1.4365451388888888,9,277,0,41.55,368640,oscillate
oscillate,89,uniform,32,8,6,360,4.805578703703704,5.7675,3.544184027777778,0,0,0,0.0,368640,oscillate
oscillate,89,static,32,8,6,360,2.8762962962962964,4.42375,2.0972222222222223,0,0,0,0.0,368640,oscillate
oscillate,89,dynamic,32,8,6,360,1.8666550925925927,2.1216666666666666,1.3096788194444444,3,97,0,14.549999999999999,368640,oscillate
uniform,31,uniform,32,8,6,360,2.1538425925925924,2.33,1.5553819444444446,0,0,0,0.0,368640,uniform
uniform,31,static,32,8,6,360,1.5551446759259262,1.6425,1.1063585069444444,0,0,0,0.0,368640,uniform
uniform,31,dynamic,32,8,6,360,1.5551446759259262,1.6425,1.1063585069444444,0,0,0,0.0,368640,uniform
uniform,47,uniform,32,8,6,360,2.1670081018518514,2.3508333333333336,1.565256076388889,0,0,0,0.0,368640,uniform
uniform,47,static,32,8,6,360,1.5589641203703706,1.6529166666666668,1.1092230902777778,0,0,0,0.0,368640,uniform
uniform,47,dynamic,32,8,6,360,1.5589641203703706,1.6529166666666668,1.1092230902777778,0,0,0,0.0,368640,uniform
uniform,89,uniform,32,8,6,360,2.1570543981481483,2.33,1.557790798611111,0,0,0,0.0,368640,uniform
uniform,89,static,32,8,6,360,1.5567361111111113,1.6529166666666668,1.1075520833333334,0,0,0,0.0,368640,uniform
uniform,89,dynamic,32,8,6,360,1.5567361111111113,1.6529166666666668,1.1075520833333334,0,0,0,0.0,368640,uniform
shift,31,uniform,16,4,6,360,6.19322337962963,8.1425,2.292458767361111,0,0,0,0.0,368640,scale_4
shift,31,static,16,4,6,360,4.045711805555555,5.444583333333333,1.4871419270833333,0,0,0,0.0,368640,scale_4
shift,31,dynamic,16,4,6,360,2.9962210648148146,3.9029166666666666,1.0874891493055556,3,39,0,5.85,368640,scale_4
shift,47,uniform,16,4,6,360,6.1942361111111115,8.121666666666666,2.292838541666667,0,0,0,0.0,368640,scale_4
shift,47,static,16,4,6,360,4.030520833333334,5.413333333333333,1.4814453125,0,0,0,0.0,368640,scale_4
shift,47,dynamic,16,4,6,360,2.998246527777778,3.955,1.0882486979166666,3,39,0,5.85,368640,scale_4
shift,89,uniform,16,4,6,360,6.1846296296296295,8.121666666666666,2.2892361111111112,0,0,0,0.0,368640,scale_4
shift,89,static,16,4,6,360,4.018686342592593,5.402916666666667,1.4770073784722222,0,0,0,0.0,368640,scale_4
shift,89,dynamic,16,4,6,360,3.017297453703703,3.9966666666666666,1.096799045138889,2,30,0,4.5,368640,scale_4
shift,31,uniform,64,16,6,360,5.159716435185186,6.79875,7.619574652777778,0,0,0,0.0,368640,scale_16
shift,31,static,64,16,6,360,2.389375,4.1425,3.4640625,0,0,0,0.0,368640,scale_16
shift,31,dynamic,64,16,6,360,1.0653703703703703,1.6216666666666668,1.3774305555555555,2,161,0,24.15,368640,scale_16
shift,47,uniform,64,16,6,360,5.168310185185185,6.788333333333333,7.6324652777777775,0,0,0,0.0,368640,scale_16
shift,47,static,64,16,6,360,2.326209490740741,3.9966666666666666,3.3693142361111112,0,0,0,0.0,368640,scale_16
shift,47,dynamic,64,16,6,360,1.0503819444444442,1.54875,1.3611979166666666,2,151,0,22.65,368640,scale_16
shift,89,uniform,64,16,6,360,5.159513888888889,6.819583333333333,7.619270833333333,0,0,0,0.0,368640,scale_16
shift,89,static,64,16,6,360,2.2989525462962965,3.955,3.3284288194444445,0,0,0,0.0,368640,scale_16
shift,89,dynamic,64,16,6,360,1.035324074074074,1.2675,1.3329861111111112,2,160,0,24.0,368640,scale_16
shift,31,uniform,32,8,6,360,4.816313657407408,5.83,3.5522352430555557,0,0,0,0.0,368640,costly_shift
shift,31,static,32,8,6,360,2.9471006944444444,4.600833333333333,2.1503255208333334,0,0,0,0.0,368640,costly_shift
shift,31,dynamic,32,8,6,360,1.9377546296296297,4.319583333333333,1.2745659722222222,1,38,0,57.0,368640,costly_shift
shift,47,uniform,32,8,6,360,4.8185416666666665,5.83,3.55390625,0,0,0,0.0,368640,costly_shift
shift,47,static,32,8,6,360,2.9187152777777783,4.527916666666667,2.129036458333333,0,0,0,0.0,368640,costly_shift
shift,47,dynamic,32,8,6,360,1.9383912037037037,4.319583333333333,1.2719184027777777,1,39,0,58.5,368640,costly_shift
shift,89,uniform,32,8,6,360,4.818715277777779,5.83,3.5540364583333335,0,0,0,0.0,368640,costly_shift
shift,89,static,32,8,6,360,2.8892013888888894,4.455,2.1069010416666667,0,0,0,0.0,368640,costly_shift
shift,89,dynamic,32,8,6,360,1.9370601851851852,4.194583333333333,1.274045138888889,1,38,0,57.0,368640,costly_shift
