policy,scenario,seed,clusters,requests,measured,trace_sha256,ttft_mean_s,ttft_p95_s,e2e_mean_s,e2e_p95_s,p_wait_mean_s,prefill_mean_s,d_wait_mean_s,token_hit_ratio,switch_ratio,completed_rps,drain_seconds,max_decode_batch,observation_samples,case
round_robin,steady,31,4,1800,1440,55556fe036cb719961a5920737856940081146ae03913c6857acd6d96af69d44,0.41069817828847527,1.3197230215921891,3.302082852792902,4.834503667714728,0.12753340049920897,0.22714234074074074,0.013052173020577321,0.691039775183744,0.6625,6.784077044110757,5.12839937914697,11,1062,steady_4
least_wait,steady,31,4,1800,1440,55556fe036cb719961a5920737856940081146ae03913c6857acd6d96af69d44,0.31622386223818233,1.2309863258844302,3.207595846109658,4.721913038096687,0.028712719372233037,0.23125345185185187,0.013300782911119885,0.6850410722006053,0.6451388888888889,6.806986482131111,4.235420305875607,14,1058,steady_4
algorithm_one,steady,31,4,1800,1440,55556fe036cb719961a5920737856940081146ae03913c6857acd6d96af69d44,0.2786226465967441,1.2157391773280537,3.1699785122242714,4.546558022564156,0.09039702715325186,0.1324016,0.012876337631838873,0.8292801556420234,0.0,6.806238287367223,4.264488973875814,15,1058,steady_4
algorithm_two,steady,31,4,1800,1440,55556fe036cb719961a5920737856940081146ae03913c6857acd6d96af69d44,0.2763420699432062,1.2229718891680648,3.1677465608027546,4.541830355789429,0.05472792778318241,0.15600653827160496,0.022653862406831635,0.7948371523274247,0.06180555555555556,6.768926462394997,5.722269186282006,16,1064,steady_4
round_robin,steady,47,4,1800,1440,bb98b08dba0637a157090a03ec46d7e2bb07b9131ef217d6a2722b8c6d132c25,0.4063716391213841,1.2617937829139692,3.286260028313101,4.894112588648568,0.11862496502265124,0.23127591604938272,0.013179802788251023,0.6918287800490308,0.6493055555555556,6.9203953583335664,4.807184628370777,13,1041,steady_4
least_wait,steady,47,4,1800,1440,bb98b08dba0637a157090a03ec46d7e2bb07b9131ef217d6a2722b8c6d132c25,0.31109140424391574,1.2230653254016772,3.1909547666944773,4.665882649137416,0.027692736109799016,0.22691789135802468,0.013188451463109423,0.6980546394116298,0.6416666666666667,6.929873111748888,4.451453621411559,15,1040,steady_4
algorithm_one,steady,47,4,1800,1440,bb98b08dba0637a157090a03ec46d7e2bb07b9131ef217d6a2722b8c6d132c25,0.2676126616329596,1.216412565373716,3.147433060226327,4.562543431349695,0.08441310633909052,0.12694258271604938,0.012980597687747425,0.8408790278488156,0.0,6.935986043411664,4.222531083131145,16,1039,steady_4
algorithm_two,steady,47,4,1800,1440,bb98b08dba0637a157090a03ec46d7e2bb07b9131ef217d6a2722b8c6d132c25,0.25341912248766624,1.210821333333314,3.133269644280987,4.524262040858929,0.04205562562673018,0.1473499901234568,0.020739270469932094,0.8117250745163054,0.05555555555555555,6.9359442217968,4.224095885521564,16,1039,steady_4
round_robin,steady,89,4,1800,1440,6ebd02d2bc5012a3864a6a5e560d29f84e28a7b594f84b757fe7368c044800df,0.3954449319714145,1.265143373565408,3.3044902056034515,4.933331925316807,0.11453030981185389,0.2250142074074074,0.01319281415041055,0.6885666623893237,0.6430555555555556,6.545095177135635,4.0099557041527305,11,1101,steady_4
least_wait,steady,89,4,1800,1440,6ebd02d2bc5012a3864a6a5e560d29f84e28a7b594f84b757fe7368c044800df,0.2893616979912018,1.2173052693229636,3.1984436765229134,4.626189517795126,0.013615304222690533,0.21982902222222223,0.013218306861504282,0.6962658796355704,0.6354166666666666,6.545822517658153,3.979397340329399,14,1100,steady_4
algorithm_one,steady,89,4,1800,1440,6ebd02d2bc5012a3864a6a5e560d29f84e28a7b594f84b757fe7368c044800df,0.2774405744338784,1.210821333333314,3.1865302938074938,4.711967965599257,0.09203838288664862,0.12931050370370373,0.013385343550642241,0.8306722149914759,0.0,6.542240301121415,4.129965666241048,14,1101,steady_4
algorithm_two,steady,89,4,1800,1440,6ebd02d2bc5012a3864a6a5e560d29f84e28a7b594f84b757fe7368c044800df,0.2743480618981691,1.2150794447841236,3.1834830569878996,4.579725597639367,0.06451551797486507,0.15173025679012347,0.015424663032256205,0.7973822661362762,0.0625,6.5438274554300255,4.0632337914975665,16,1101,steady_4
round_robin,steady,31,8,1800,1440,6abdec76a5cdeb4e07d682a70218d5ff8d9605ddaaed4f7cfba97e3845f1a405,0.4833023060922458,1.3887779264300804,3.3748682581175506,5.032185878421828,0.14960065194683086,0.27782135308641975,0.01289982947803277,0.6170917999711774,0.7722222222222223,13.31291444468222,5.107670315743832,11,541,steady_8
least_wait,steady,31,8,1800,1440,6abdec76a5cdeb4e07d682a70218d5ff8d9605ddaaed4f7cfba97e3845f1a405,0.35734200868115545,1.2361671919946389,3.2489285010349924,4.786102028736721,0.021164411744549187,0.2803028345679012,0.012894906991612724,0.6134709612336071,0.7527777777777778,13.398194482860584,4.247072037969531,13,538,steady_8
algorithm_one,steady,31,8,1800,1440,6abdec76a5cdeb4e07d682a70218d5ff8d9605ddaaed4f7cfba97e3845f1a405,0.29631370893734005,1.2275875323799,3.187730241381596,4.6887303001157505,0.10812235956543444,0.1320559209876543,0.013177839544222553,0.829784551088053,0.0,13.298586354508418,5.253344365029221,13,542,steady_8
algorithm_two,steady,31,8,1800,1440,6abdec76a5cdeb4e07d682a70218d5ff8d9605ddaaed4f7cfba97e3845f1a405,0.2827581184322084,1.2275903531199361,3.1741544003904494,4.579191750270816,0.04692852543994024,0.169722587654321,0.023152527458666257,0.7748234615938896,0.09166666666666666,13.359146119740473,4.639762507060709,16,539,steady_8
round_robin,steady,47,8,1800,1440,bbb755350e7a4dfb6692cede3b0c9a2dc2ae8f6e718cef5760ce8c49a65222a1,0.5113366132545724,1.434640387394225,3.3912003266066906,5.105533454045002,0.16839849966799356,0.286535175308642,0.013104336820217142,0.6128855888110901,0.7618055555555555,13.552634491483476,5.168724413663355,11,532,steady_8
least_wait,steady,47,8,1800,1440,bbb755350e7a4dfb6692cede3b0c9a2dc2ae8f6e718cef5760ce8c49a65222a1,0.37558210498380773,1.25262852386874,3.255448958293032,4.831303224244998,0.03220650155862709,0.2869302370370371,0.013156680508274756,0.6123212049595231,0.7701388888888889,13.644433135707276,4.275152419149279,13,528,steady_8
algorithm_one,steady,47,8,1800,1440,bbb755350e7a4dfb6692cede3b0c9a2dc2ae8f6e718cef5760ce8c49a65222a1,0.2627425247198187,1.1935543067465773,3.142499923322432,4.569789547409336,0.07953905295513512,0.12694258271604938,0.012978121307130457,0.8408790278488156,0.0,13.608677477683642,4.621766228297858,15,530,steady_8
algorithm_two,steady,47,8,1800,1440,bbb755350e7a4dfb6692cede3b0c9a2dc2ae8f6e718cef5760ce8c49a65222a1,0.28856283645449854,1.2199841820048078,3.1684464884470427,4.602463380833612,0.05674860833678432,0.17122653333333335,0.017314545325262574,0.777615125487222,0.09444444444444444,13.613091631734228,4.578877091912531,16,530,steady_8
round_robin,steady,89,8,1800,1440,506364b22749c6aee620c7e8b26e5a5881a2531296a168f70238698d158a8929,0.4759073106254814,1.4086097131404216,3.384991925860633,5.088980229984571,0.13961444355442962,0.2802734666666667,0.013293414647638307,0.6065150043078954,0.7527777777777778,12.8837374225828,4.208440700031417,11,559,steady_8
least_wait,steady,89,8,1800,1440,506364b22749c6aee620c7e8b26e5a5881a2531296a168f70238698d158a8929,0.3495361532774345,1.2333141982804534,3.258717119173987,4.769267099320871,0.014217754138863128,0.27953272592592593,0.01307551040405689,0.6076148924859306,0.7590277777777777,12.886294220194976,4.180720334732257,12,559,steady_8
algorithm_one,steady,89,8,1800,1440,506364b22749c6aee620c7e8b26e5a5881a2531296a168f70238698d158a8929,0.28337826957902623,1.2144794389646947,3.1924977048144694,4.762595916151206,0.09804828425876973,0.12931050370370373,0.013326271551051273,0.8306722149914759,0.0,12.854168187879447,4.529826546136746,16,561,steady_8
algorithm_two,steady,89,8,1800,1440,506364b22749c6aee620c7e8b26e5a5881a2531296a168f70238698d158a8929,0.279758586462251,1.216816223573602,3.1889812283754555,4.666564365481904,0.043333489795627816,0.17202655308641976,0.021707517818207213,0.7672453300581108,0.10833333333333334,12.887284360559693,4.169988355678925,16,559,steady_8
round_robin,steady,31,16,1800,1440,ce6612573e5185e834171db509f1fa0b58629407d01e8454c1177e2d38533ddd,0.6844859151136232,2.0036318143494256,3.5763364664889385,5.447743559932341,0.2808469925608866,0.3475003654320988,0.01314855654491678,0.5154200893500505,0.8215277777777777,25.599378745981326,5.264512354315116,11,282,steady_16
least_wait,steady,31,16,1800,1440,ce6612573e5185e834171db509f1fa0b58629407d01e8454c1177e2d38533ddd,0.4188748896655944,1.2870890966562456,3.3108715255537016,4.865369954793074,0.012993822592139052,0.3498336987654321,0.013065260825091806,0.5120154200893501,0.7986111111111112,25.78930368714101,4.74668443352823,13,280,steady_16
algorithm_one,steady,31,16,1800,1440,ce6612573e5185e834171db509f1fa0b58629407d01e8454c1177e2d38533ddd,0.2847414908232809,1.2226025478782319,3.176312194731767,4.597794796695695,0.09143325876103717,0.1320559209876543,0.01830827682352824,0.829784551088053,0.0,25.211117552607885,6.34737897528143,16,286,steady_16
algorithm_two,steady,31,16,1800,1440,ce6612573e5185e834171db509f1fa0b58629407d01e8454c1177e2d38533ddd,0.31355832541173556,1.2314931388888866,3.2053344464942217,4.649550845369731,0.05204372794202792,0.20105592098765432,0.017499667740637548,0.729103617235913,0.17777777777777778,25.80008807250423,4.717509686527336,16,280,steady_16
round_robin,steady,47,16,1800,1440,d7747cddd2601c25669f51fe238ee9cd7b5062be81b480d551bfa8f6d9844194,0.7220714065966548,1.9638907215970889,3.6019780222137303,5.576090550752923,0.3049506574140458,0.36072036049382716,0.013087926506970321,0.5069048836840155,0.80625,26.233618822463182,4.790856427390928,12,275,steady_16
least_wait,steady,47,16,1800,1440,d7747cddd2601c25669f51fe238ee9cd7b5062be81b480d551bfa8f6d9844194,0.4667795282431131,1.3830239757355045,3.3466754621674264,5.033502032487787,0.0482077852950157,0.3619549283950617,0.01332549629676837,0.5051411841478686,0.8159722222222222,26.331681509550002,4.535327838193872,13,274,steady_16
algorithm_one,steady,47,16,1800,1440,d7747cddd2601c25669f51fe238ee9cd7b5062be81b480d551bfa8f6d9844194,0.28573195032166393,1.2184237346518785,3.1654795590941673,4.741449257793537,0.10240143524465234,0.12694258271604938,0.01311162723028203,0.8408790278488156,0.0,26.431616519112087,4.27687110827555,16,273,steady_16
algorithm_two,steady,47,16,1800,1440,d7747cddd2601c25669f51fe238ee9cd7b5062be81b480d551bfa8f6d9844194,0.36832330163782473,1.3051642469642175,3.2480903000579904,4.868991123314494,0.06804071415912913,0.22991789135802468,0.027087440076233853,0.6937688495387926,0.21319444444444444,26.39973576065663,4.359110112906315,16,273,steady_16
round_robin,steady,89,16,1800,1440,3d2db917cf0115d8b502a554ac3ebf52e08bdd0df5c64841ba9b371195192301,0.651701907405295,1.7156753025433105,3.5610836031769577,5.410781356453235,0.23918703754028406,0.3569895160493827,0.012794657079539862,0.49260325200271304,0.8090277777777778,24.978253845131672,4.311397554614118,10,289,steady_16
least_wait,steady,89,16,1800,1440,3d2db917cf0115d8b502a554ac3ebf52e08bdd0df5c64841ba9b371195192301,0.4116242351825668,1.2764859803189559,3.321174692919191,4.854020641171127,0.009233516876502921,0.34661914567901236,0.013052897195300608,0.5080016864952063,0.7972222222222223,24.873446906369328,4.615041407431448,12,290,steady_16
algorithm_one,steady,89,16,1800,1440,3d2db917cf0115d8b502a554ac3ebf52e08bdd0df5c64841ba9b371195192301,0.27154121169818674,1.2155905761604267,3.1806930817599817,4.589216164527535,0.08656028741965632,0.12931050370370373,0.012999180334160556,0.8306722149914759,0.0,24.998847311330593,4.2520340000722,16,289,steady_16
algorithm_two,steady,89,16,1800,1440,3d2db917cf0115d8b502a554ac3ebf52e08bdd0df5c64841ba9b371195192301,0.31640547801209185,1.2352619463684391,3.225882308437343,4.764626922240922,0.054235289455034565,0.20033519506172842,0.019137502766493775,0.725211270187531,0.14722222222222223,24.99619849809018,4.259664094188707,16,289,steady_16
round_robin,steady,31,8,1800,1440,00b06e4e5b5215f2905e1e01fae022352a3f9a85b379e4643d1ecacfcdf25111,0.3345277295978892,1.230978437933544,3.2258887349712433,4.736621197376081,0.003332365321501809,0.27782135308641975,0.010405375726958975,0.6170917999711774,0.7722222222222223,3.9176563452394455,4.11051227083334,4,1838,light_8
least_wait,steady,31,8,1800,1440,00b06e4e5b5215f2905e1e01fae022352a3f9a85b379e4643d1ecacfcdf25111,0.3336388913556472,1.2310753410519624,3.2249953395729727,4.758363760658341,0.0,0.28053740246913583,0.010146225485902674,0.6131286928952299,0.7520833333333333,3.917175229474298,4.16694392182103,6,1839,light_8
algorithm_one,steady,31,8,1800,1440,00b06e4e5b5215f2905e1e01fae022352a3f9a85b379e4643d1ecacfcdf25111,0.20231043021556777,0.6619965280838898,3.093664101230748,4.440015801294891,0.017771944324377426,0.1320559209876543,0.009561532470453995,0.829784551088053,0.0,3.9171245874746026,4.172884694942695,8,1839,light_8
algorithm_two,steady,31,8,1800,1440,00b06e4e5b5215f2905e1e01fae022352a3f9a85b379e4643d1ecacfcdf25111,0.20214706947107114,0.6493147052970585,3.0935306678051684,4.426952193798286,0.010143826166090303,0.13896950123456792,0.010094390202413293,0.8196966421674593,0.013194444444444444,3.9105879691875707,4.940981900323607,10,1842,light_8
round_robin,steady,47,8,1800,1440,422d356515be7d45629449643056e2509fe24885bac14d9d82d400c3565c2ace,0.3424096234660911,1.2296236236454945,3.222296948922497,4.73017422351694,0.0024598121185380466,0.286535175308642,0.010120137259991314,0.6128855888110901,0.7618055555555555,3.9904919274475525,4.308473232760832,5,1805,light_8
least_wait,steady,47,8,1800,1440,422d356515be7d45629449643056e2509fe24885bac14d9d82d400c3565c2ace,0.3365699764520706,1.2246888687058686,3.216391027957833,4.724784678417905,0.0,0.2831894962962963,0.010097357256212438,0.6176652145540485,0.7645833333333333,3.9902654867056944,4.334070809033278,6,1805,light_8
algorithm_one,steady,47,8,1800,1440,422d356515be7d45629449643056e2509fe24885bac14d9d82d400c3565c2ace,0.1959462366046807,0.7520279071228231,3.0757972844176513,4.438682021111333,0.01615708655485623,0.12694258271604938,0.009590177344207173,0.8408790278488156,0.0,3.990688105796838,4.286298961408136,7,1805,light_8
algorithm_two,steady,47,8,1800,1440,422d356515be7d45629449643056e2509fe24885bac14d9d82d400c3565c2ace,0.19599335185274522,0.6414664966110308,3.075819315515651,4.443222184188642,0.009416333864428299,0.13317715061728397,0.010150199024310838,0.8319723451912732,0.011111111111111112,3.9907531696064003,4.278945203314493,10,1805,light_8
round_robin,steady,89,8,1800,1440,f14441b3c9e01cfedbac2d82e257d6c40a3dfddc8251096a9418f43ad23fda6b,0.33551929755304677,1.2244893911747852,3.24459477074505,4.784312033631949,0.0028427869919208227,0.2802734666666667,0.009684501259518452,0.6065150043078954,0.7527777777777778,3.7648348857400014,3.849615604700375,4,1913,light_8
least_wait,steady,89,8,1800,1440,f14441b3c9e01cfedbac2d82e257d6c40a3dfddc8251096a9418f43ad23fda6b,0.3365500567188629,1.2314931388888795,3.2456586197458144,4.7801721779513855,0.0,0.28390309629629634,0.009966722624565744,0.6011255522355228,0.7458333333333333,3.764772473438926,3.857541677033794,8,1913,light_8
algorithm_one,steady,89,8,1800,1440,f14441b3c9e01cfedbac2d82e257d6c40a3dfddc8251096a9418f43ad23fda6b,0.19589408378122938,0.6663643161745654,3.1050090443735887,4.416819164803769,0.014041414510535569,0.12931050370370373,0.00986403461942559,0.8306722149914759,0.0,3.764736209529592,3.8621471457837515,9,1913,light_8
algorithm_two,steady,89,8,1800,1440,f14441b3c9e01cfedbac2d82e257d6c40a3dfddc8251096a9418f43ad23fda6b,0.19549283444782894,0.6368462237613528,3.104605203974954,4.4456025852798575,0.006476911667751602,0.13691544197530864,0.009416902968312416,0.8193800296969808,0.016666666666666666,3.7650697290037143,3.819793955679586,9,1913,light_8
round_robin,hot_shift,31,8,1800,1440,b59af39ad7fb23b17335edb21468d8271d9a912298dde0d36d6af1d14623cb49,0.554116211356494,1.4948506545903228,3.442290639963138,5.276962533992219,0.18838159207376357,0.310252237037037,0.012870850209031774,0.5583767601729682,0.7715277777777778,13.316752213759056,5.068704848853798,11,541,hot_shift_8
least_wait,hot_shift,31,8,1800,1440,b59af39ad7fb23b17335edb21468d8271d9a912298dde0d36d6af1d14623cb49,0.40808054159793156,1.2748192673215328,3.296280472542845,4.805137469141435,0.03210880646958435,0.3203510024691358,0.013014778836159617,0.5432605240787967,0.7534722222222222,13.373044218179851,4.499733210277299,12,539,hot_shift_8
algorithm_one,hot_shift,31,8,1800,1440,b59af39ad7fb23b17335edb21468d8271d9a912298dde0d36d6af1d14623cb49,0.43967482053694545,1.580559509378034,3.327712238753248,5.263723411604417,0.08206974655046778,0.13386952098765434,0.18115931289380435,0.8223934656465979,0.0,13.397821412007572,4.250813000541967,16,538,hot_shift_8
algorithm_two,hot_shift,31,8,1800,1440,b59af39ad7fb23b17335edb21468d8271d9a912298dde0d36d6af1d14623cb49,0.31149811241604874,1.2468651464929223,3.199510545917681,4.707820917902282,0.0642970322493912,0.18648680493827158,0.01813641185545683,0.743633810104594,0.1111111111111111,13.212456370622364,6.135688142190844,16,545,hot_shift_8
round_robin,hot_shift,47,8,1800,1440,f7c00c911b15c16cced09070fe8c1ae2b475575aa962f107068d6ae4a7462ba7,0.6437698235876527,1.964255526833142,3.5196818202110154,5.4284561782128975,0.2694681546384003,0.318700024691358,0.012738116194876577,0.5537637337691819,0.7590277777777777,13.53349923455904,5.356514635250036,12,533,hot_shift_8
least_wait,hot_shift,47,8,1800,1440,f7c00c911b15c16cced09070fe8c1ae2b475575aa962f107068d6ae4a7462ba7,0.41412438004903246,1.2884129635642338,3.2900330239565916,4.787765721982623,0.039690511386286355,0.3182061975308642,0.013367565973803544,0.5544901480069009,0.7583333333333333,13.648517368121675,4.235675615756875,13,528,hot_shift_8
algorithm_one,hot_shift,47,8,1800,1440,f7c00c911b15c16cced09070fe8c1ae2b475575aa962f107068d6ae4a7462ba7,0.25953386725073735,1.1924298541715999,3.1353585133506576,4.5231479934896015,0.07423828541232289,0.1296136049382716,0.01285324677940069,0.8319077453918097,0.0,13.64990344846884,4.2222836029873605,16,528,hot_shift_8
algorithm_two,hot_shift,47,8,1800,1440,f7c00c911b15c16cced09070fe8c1ae2b475575aa962f107068d6ae4a7462ba7,0.29891725738360575,1.2277502058151413,3.1748486412282455,4.590695729185576,0.06254320556342778,0.17770002469135804,0.015835399645252237,0.7611731589939162,0.10347222222222222,13.645766993000526,4.26225720899707,16,528,hot_shift_8
round_robin,hot_shift,89,8,1800,1440,301326b695d89f5081ff4d9fabc646743ae063ebc73856f6ba5adc3fd26335b3,0.5352126570875346,1.4483408140706118,3.440949706060763,5.205509604671761,0.16476648521536652,0.31500339259259263,0.013105106890537203,0.542322111489987,0.7506944444444444,12.88211193342025,4.2260696988997495,11,559,hot_shift_8
least_wait,hot_shift,89,8,1800,1440,301326b695d89f5081ff4d9fabc646743ae063ebc73856f6ba5adc3fd26335b3,0.39023492221416145,1.2547916083531305,3.296068567329731,4.796445917332221,0.016129989275296106,0.31859598518518517,0.013187343793737224,0.5368399238899041,0.7506944444444444,12.88523597856746,4.192192276312824,12,559,hot_shift_8
algorithm_one,hot_shift,89,8,1800,1440,301326b695d89f5081ff4d9fabc646743ae063ebc73856f6ba5adc3fd26335b3,0.265932792674468,1.2081704533352209,3.1717145471656574,4.699429126015033,0.07836449374775253,0.13147252839506174,0.013800759351527445,0.8223846574103728,0.0,12.892667290798427,4.111672443960572,16,559,hot_shift_8
algorithm_two,hot_shift,89,8,1800,1440,301326b695d89f5081ff4d9fabc646743ae063ebc73856f6ba5adc3fd26335b3,0.284471001049243,1.2242706533222218,3.190344181032344,4.626508127082168,0.05116502376977685,0.17820092345679012,0.012800445760206051,0.7510785403440026,0.10972222222222222,12.884694538145817,4.198062527387435,16,559,hot_shift_8
round_robin,burst,31,8,1800,1440,d272bab780a5fa3f61f023972c439b32cb94a009a30906f9d9c10685c5f769ef,3.805788918943653,10.88305266177914,6.693969498828168,14.186416309072946,3.4351346665722184,0.310252237037037,0.017796634575607463,0.5583767601729682,0.7715277777777778,16.50363675058313,5.082298874204156,16,437,burst_8
least_wait,burst,31,8,1800,1440,d272bab780a5fa3f61f023972c439b32cb94a009a30906f9d9c10685c5f769ef,3.3745099060537123,10.265617620840928,6.262712670614393,13.213857936840519,2.9914725527390047,0.3108818666666667,0.02955236644075527,0.5574343053553609,0.7319444444444444,16.586848017066462,4.535142937491457,16,435,burst_8
algorithm_one,burst,31,8,1800,1440,d272bab780a5fa3f61f023972c439b32cb94a009a30906f9d9c10685c5f769ef,5.099896419035301,21.3860020198466,7.987935482012553,24.466308214480947,0.5760928909212097,0.13386952098765434,4.347359411782369,0.8223934656465979,0.0,14.332366780734692,21.605293480233044,16,503,burst_8
algorithm_two,burst,31,8,1800,1440,d272bab780a5fa3f61f023972c439b32cb94a009a30906f9d9c10685c5f769ef,2.061750309381117,6.741865267467276,4.949762006698735,9.769195072825987,1.5630176075203583,0.2229435950617284,0.23321050724208803,0.6890638282145101,0.2111111111111111,16.63773645180164,4.203222883928603,16,433,burst_8
round_robin,burst,47,8,1800,1440,4a760d3b7d02d72e73505107aa9a8d6037a027f1b9172d49911b3ee1833d2907,4.77163529065696,13.39793699488063,7.647555589255544,16.285352880531377,4.383820096536428,0.318700024691358,0.02625994334137821,0.5537637337691819,0.7590277777777777,16.4240593347024,5.368151922478276,16,439,burst_8
least_wait,burst,47,8,1800,1440,4a760d3b7d02d72e73505107aa9a8d6037a027f1b9172d49911b3ee1833d2907,3.833371470481897,10.650159924984365,6.709296557126561,13.807310589630518,3.4593134679875264,0.3073173086419753,0.023897031431423767,0.5705075819486062,0.7618055555555555,16.54026847326154,4.598153692062937,16,436,burst_8
algorithm_one,burst,47,8,1800,1440,4a760d3b7d02d72e73505107aa9a8d6037a027f1b9172d49911b3ee1833d2907,1.0042619302117821,3.9241790263088276,3.880088015540641,7.251343306850224,0.3057615957190003,0.1296136049382716,0.5260594386627102,0.8319077453918097,0.0,16.597287134025034,4.224292956826972,16,434,burst_8
algorithm_two,burst,47,8,1800,1440,4a760d3b7d02d72e73505107aa9a8d6037a027f1b9172d49911b3ee1833d2907,2.323289996845567,8.676729034262756,5.199213778275732,11.65508229119203,1.9040075187757939,0.22176175308641974,0.15467449508531267,0.6963588486334332,0.2326388888888889,16.589935845023536,4.2723496836835295,16,435,burst_8
round_robin,burst,89,8,1800,1440,825231afabf038e104f1a85885ab796a24f0d9eb5b7f6cd75775393b4cb80530,3.331129316967711,10.389934155102083,6.236882676659548,13.350183674432245,2.955818364003206,0.31500339259259263,0.0179861987014842,0.542322111489987,0.7506944444444444,15.846361876026801,4.222419488063238,16,455,burst_8
least_wait,burst,89,8,1800,1440,825231afabf038e104f1a85885ab796a24f0d9eb5b7f6cd75775393b4cb80530,2.854858382233431,9.814145030145916,5.760698547476879,12.875210523502346,2.4582423553856563,0.3111021580246914,0.04319878499101978,0.5482752774062282,0.75,15.846469039236602,4.221651320185416,16,455,burst_8
algorithm_one,burst,89,8,1800,1440,825231afabf038e104f1a85885ab796a24f0d9eb5b7f6cd75775393b4cb80530,1.1859864366114627,6.521669015727852,4.091769990848137,9.468559083459276,0.2150210464826512,0.13147252839506174,0.797199650299106,0.8223846574103728,0.0,15.862180692409813,4.109139282657708,16,454,burst_8
algorithm_two,burst,89,8,1800,1440,825231afabf038e104f1a85885ab796a24f0d9eb5b7f6cd75775393b4cb80530,1.5700504304716845,5.547390245411584,4.475925877210608,8.69709190095741,1.2114883683860194,0.21920092345679013,0.09705879732222754,0.6885137808255308,0.23333333333333334,15.855902338460451,4.154072182333024,16,455,burst_8
round_robin,steady,31,8,1800,1440,ba0ae6339352dd487defb6fa53d4c288bc9689a0f0c50a87c5377331ad661f63,0.3471845922179119,1.2351836136465408,12.032773586616742,17.299312984259018,0.012902792677344522,0.27782135308641975,0.013427596811800472,0.6170917999711774,0.7722222222222223,5.617531069980052,16.860225341682224,14,1282,decode_heavy_8
least_wait,steady,31,8,1800,1440,ba0ae6339352dd487defb6fa53d4c288bc9689a0f0c50a87c5377331ad661f63,0.33534134946111865,1.2334790737649826,12.020794109336427,17.374009317700143,8.180678846661453e-05,0.2790312296296297,0.013197790115960133,0.6153264159100735,0.7541666666666667,5.617078950940078,16.886016407547913,16,1282,decode_heavy_8
algorithm_one,steady,31,8,1800,1440,ba0ae6339352dd487defb6fa53d4c288bc9689a0f0c50a87c5377331ad661f63,0.2448717750931606,1.2108500963476558,11.929857145966269,17.193006890006473,0.04350153358749827,0.1320559209876543,0.026298446708372742,0.829784551088053,0.0,5.610508801393413,17.261278748836048,16,1284,decode_heavy_8
algorithm_two,steady,31,8,1800,1440,ba0ae6339352dd487defb6fa53d4c288bc9689a0f0c50a87c5377331ad661f63,0.23527110878053165,1.2069819156173764,11.92034635356625,17.15744200173279,0.02418300636887494,0.14706826666666667,0.02100011859936968,0.8078793774319066,0.04861111111111111,5.619166192120295,16.766984680581004,16,1282,decode_heavy_8
round_robin,steady,47,8,1800,1440,a86c5ad398ad47448d7ff53746bb4af1b4a3c183f90d3309bf5af157b5867bff,0.3576697735461668,1.2366298560056066,11.995210166695006,17.365670219532944,0.014655857319817969,0.286535175308642,0.0131297519990271,0.6128855888110901,0.7618055555555555,5.70641000475638,17.592258622135546,16,1263,decode_heavy_8
least_wait,steady,47,8,1800,1440,a86c5ad398ad47448d7ff53746bb4af1b4a3c183f90d3309bf5af157b5867bff,0.3371389285241866,1.2323362951002252,11.974431675379714,17.327646086836353,0.00014026669744642776,0.2800536938271605,0.013608031628038687,0.622145011375862,0.7590277777777777,5.714666706313869,17.136510158351086,16,1261,decode_heavy_8
algorithm_one,steady,47,8,1800,1440,a86c5ad398ad47448d7ff53746bb4af1b4a3c183f90d3309bf5af157b5867bff,0.24909021672661968,1.2082775923307452,11.886418457029363,17.36798052962041,0.03380472911928449,0.12694258271604938,0.04500451155904397,0.8408790278488156,0.0,5.72028638043951,16.827071222206314,16,1259,decode_heavy_8
algorithm_two,steady,47,8,1800,1440,a86c5ad398ad47448d7ff53746bb4af1b4a3c183f90d3309bf5af157b5867bff,0.2305763069748426,1.1942742763435277,11.86807079215487,17.23116153951733,0.0212247593545294,0.1480290024691358,0.017987927941114156,0.8107550397714245,0.03888888888888889,5.715818970996846,17.073012840028696,16,1260,decode_heavy_8
round_robin,steady,89,8,1800,1440,4301289dabc4db34916cd4afc5aa5bd79801e0151c6e13bbc85495ac0bbdb4f1,0.35089861157627145,1.2333176936632952,12.107182036398973,17.408970834682634,0.014763812505429364,0.2802734666666667,0.013093134342958744,0.6065150043078954,0.7527777777777778,5.403980099207683,16.915161630860723,14,1333,decode_heavy_8
least_wait,steady,89,8,1800,1440,4301289dabc4db34916cd4afc5aa5bd79801e0151c6e13bbc85495ac0bbdb4f1,0.3368420614367384,1.2299151510637216,12.09322074202642,17.39235958353737,0.0002888489638282168,0.2807302567901235,0.013064963862291067,0.6058367399314403,0.7458333333333333,5.406429462924548,16.764257369769837,16,1332,decode_heavy_8
algorithm_one,steady,89,8,1800,1440,4301289dabc4db34916cd4afc5aa5bd79801e0151c6e13bbc85495ac0bbdb4f1,0.22262809058536728,1.095387456606943,11.978816762744243,17.150983996037212,0.03633977110239063,0.12931050370370373,0.014213441577049861,0.8306722149914759,0.0,5.405329303356536,16.83202081634289,16,1333,decode_heavy_8
algorithm_two,steady,89,8,1800,1440,4301289dabc4db34916cd4afc5aa5bd79801e0151c6e13bbc85495ac0bbdb4f1,0.2468788786449104,1.2125899340227022,12.002960049134797,17.150748378813788,0.025312293795408714,0.1565203802469136,0.022283770802439002,0.790269655918315,0.06041666666666667,5.404628363640558,16.87520902392248,16,1333,decode_heavy_8
round_robin,steady,31,8,1800,1440,6abdec76a5cdeb4e07d682a70218d5ff8d9605ddaaed4f7cfba97e3845f1a405,1.3551696720105706,3.5193319554959146,4.2467187153690995,6.7150034055616175,0.8232484813919746,0.47574727901234565,0.013163065627216324,0.32828937887303644,0.7722222222222223,13.165373312563226,6.622902887155476,12,547,small_cache_8
least_wait,steady,31,8,1800,1440,6abdec76a5cdeb4e07d682a70218d5ff8d9605ddaaed4f7cfba97e3845f1a405,0.7372528441898408,1.7358429723029118,3.6288059315070598,5.499097777990848,0.2077121294888009,0.47321641481481486,0.013325357445390219,0.33198227410289666,0.7527777777777778,13.363743127789803,4.593413445002994,13,539,small_cache_8
algorithm_one,steady,31,8,1800,1440,6abdec76a5cdeb4e07d682a70218d5ff8d9605ddaaed4f7cfba97e3845f1a405,0.4765278430804267,1.6772136757532081,3.3679437627113424,5.219239050236894,0.20446282892167603,0.21606826666666668,0.013020617271624017,0.7071984435797666,0.0,13.370613355139406,4.5242041915550715,13,539,small_cache_8
algorithm_two,steady,31,8,1800,1440,6abdec76a5cdeb4e07d682a70218d5ff8d9605ddaaed4f7cfba97e3845f1a405,0.5488188333892371,1.5260613851347955,3.4401886470381626,5.170102035822673,0.14520421415351822,0.346080612345679,0.014555880332330772,0.5174917135033866,0.30972222222222223,13.270524929920809,5.539556893375419,16,543,small_cache_8
round_robin,steady,47,8,1800,1440,bbb755350e7a4dfb6692cede3b0c9a2dc2ae8f6e718cef5760ce8c49a65222a1,1.4625058988441322,3.961067944265764,4.342378805805202,6.97171653456715,0.91581842646966,0.49001665679012346,0.013342944969236221,0.32219263126333797,0.7618055555555555,13.495537349109341,5.730642448292386,14,534,small_cache_8
least_wait,steady,47,8,1800,1440,bbb755350e7a4dfb6692cede3b0c9a2dc2ae8f6e718cef5760ce8c49a65222a1,0.9578950387283655,2.484285747347087,3.8376864429172133,5.887422935102123,0.40495696936384235,0.4962265333333334,0.013395311017789171,0.31332122259651846,0.7666666666666667,13.5690724220426,5.007828223588135,14,531,small_cache_8
algorithm_one,steady,47,8,1800,1440,bbb755350e7a4dfb6692cede3b0c9a2dc2ae8f6e718cef5760ce8c49a65222a1,0.430705124062783,1.4277138929501447,3.310469159793809,5.137723897360694,0.17464719833148828,0.19965863209876542,0.013106566271935311,0.7369971251697561,0.0,13.488860372742822,5.796664178797656,15,534,small_cache_8
algorithm_two,steady,47,8,1800,1440,bbb755350e7a4dfb6692cede3b0c9a2dc2ae8f6e718cef5760ce8c49a65222a1,0.6265959115826256,1.7393556499266438,3.50645739638768,5.425030567794348,0.20052058473100232,0.3679549283950617,0.014815674466586036,0.49656960440219405,0.34444444444444444,13.596014065813378,4.744961973994421,16,530,small_cache_8
round_robin,steady,89,8,1800,1440,506364b22749c6aee620c7e8b26e5a5881a2531296a168f70238698d158a8929,1.1416387702036355,2.732765021604834,4.050698762352969,6.163135946971863,0.6081307356246841,0.4775080345679013,0.013246590443184058,0.3136514454363806,0.7527777777777778,12.822422076786017,4.876522673258734,11,562,small_cache_8
least_wait,steady,89,8,1800,1440,506364b22749c6aee620c7e8b26e5a5881a2531296a168f70238698d158a8929,0.7228264006268192,1.6964210823158083,3.6320324199934606,5.5479692841947355,0.18823552976820196,0.47869321975308643,0.013163575337928599,0.3118916243515243,0.7451388888888889,12.872243041414311,4.333196861475898,14,560,small_cache_8
algorithm_one,steady,89,8,1800,1440,506364b22749c6aee620c7e8b26e5a5881a2531296a168f70238698d158a8929,0.5422165664997104,2.0286965569291624,3.451366235453261,5.394227035031506,0.2605946900730777,0.22592778765432098,0.012984893123072803,0.6872101336364136,0.0,12.884388996129173,4.201375405751293,14,559,small_cache_8
algorithm_two,steady,89,8,1800,1440,506364b22749c6aee620c7e8b26e5a5881a2531296a168f70238698d158a8929,0.5370012622182594,1.489133507338181,3.4461497843369373,5.322187137530278,0.1309795626400843,0.34937223209876545,0.013936368286401015,0.503913768766842,0.3229166666666667,12.87847621271807,4.265516470875525,16,560,small_cache_8
round_robin,steady,31,8,1800,1440,6abdec76a5cdeb4e07d682a70218d5ff8d9605ddaaed4f7cfba97e3845f1a405,0.4833023060922458,1.3887779264300804,3.3748682581175506,5.032185878421828,0.14960065194683086,0.27782135308641975,0.01289982947803277,0.6170917999711774,0.7722222222222223,13.31291444468222,5.107670315743832,11,541,stale_8
least_wait,steady,31,8,1800,1440,6abdec76a5cdeb4e07d682a70218d5ff8d9605ddaaed4f7cfba97e3845f1a405,0.7883536088127815,2.275774157501999,3.6798156173548353,5.742400597842547,0.448624149821309,0.2836114765432099,0.013171681478992718,0.6086431762501802,0.7569444444444444,13.267373037086793,5.571780259470927,13,543,stale_8
algorithm_one,steady,31,8,1800,1440,6abdec76a5cdeb4e07d682a70218d5ff8d9605ddaaed4f7cfba97e3845f1a405,0.3859028210333501,1.7173963609084808,3.2773240112046667,4.990159723945254,0.1978724420713244,0.1320559209876543,0.013021426719853162,0.829784551088053,0.0,13.325371453874222,4.981274171786623,15,541,stale_8
algorithm_two,steady,31,8,1800,1440,6abdec76a5cdeb4e07d682a70218d5ff8d9605ddaaed4f7cfba97e3845f1a405,0.4658346722738784,1.815612715803276,3.3573393191330916,5.273080376900289,0.20718704604649751,0.1884262913580247,0.027277654314822562,0.747532065139069,0.1625,13.37095186044634,4.520795997368197,16,539,stale_8
round_robin,steady,47,8,1800,1440,bbb755350e7a4dfb6692cede3b0c9a2dc2ae8f6e718cef5760ce8c49a65222a1,0.5113366132545724,1.434640387394225,3.3912003266066906,5.105533454045002,0.16839849966799356,0.286535175308642,0.013104336820217142,0.6128855888110901,0.7618055555555555,13.552634491483476,5.168724413663355,11,532,stale_8
least_wait,steady,47,8,1800,1440,bbb755350e7a4dfb6692cede3b0c9a2dc2ae8f6e718cef5760ce8c49a65222a1,0.8504297015556732,2.7278957194279982,3.7302168022350815,5.957381352623038,0.5052835868229938,0.287535175308642,0.01431664793285229,0.611456992186811,0.74375,13.602880166784406,4.67813678226959,16,530,stale_8
algorithm_one,steady,47,8,1800,1440,bbb755350e7a4dfb6692cede3b0c9a2dc2ae8f6e718cef5760ce8c49a65222a1,0.36428905663369077,1.873757382799127,3.2441946190557487,5.218637659344736,0.17243125746760649,0.12694258271604938,0.021642663181706566,0.8408790278488156,0.0,13.640239402245774,4.315712222410227,16,528,stale_8
algorithm_two,steady,47,8,1800,1440,bbb755350e7a4dfb6692cede3b0c9a2dc2ae8f6e718cef5760ce8c49a65222a1,0.427194466638409,1.8803600078573908,3.307072300762995,5.309503481173799,0.19151954709461103,0.1770536938271605,0.015359889740585511,0.769290463676608,0.14166666666666666,13.606354554568956,4.644347564432124,16,530,stale_8
round_robin,steady,89,8,1800,1440,506364b22749c6aee620c7e8b26e5a5881a2531296a168f70238698d158a8929,0.4759073106254814,1.4086097131404216,3.384991925860633,5.088980229984571,0.13961444355442962,0.2802734666666667,0.013293414647638307,0.6065150043078954,0.7527777777777778,12.8837374225828,4.208440700031417,11,559,stale_8
least_wait,steady,89,8,1800,1440,506364b22749c6aee620c7e8b26e5a5881a2531296a168f70238698d158a8929,0.7148113179581183,2.359867047103556,3.6239630945488046,5.676607719522167,0.38421713805256835,0.27503889876543214,0.012860352549528347,0.6142875474326777,0.7375,12.888888667850939,4.152603016073044,13,559,stale_8
algorithm_one,steady,89,8,1800,1440,506364b22749c6aee620c7e8b26e5a5881a2531296a168f70238698d158a8929,0.34694193077621205,1.4188484888870647,3.256008256799007,4.957624762829624,0.16209015868895918,0.12931050370370373,0.01285774924863775,0.8306722149914759,0.0,12.885507513334538,4.189248505166489,16,559,stale_8
algorithm_two,steady,89,8,1800,1440,506364b22749c6aee620c7e8b26e5a5881a2531296a168f70238698d158a8929,0.4910266473373063,1.843854772127628,3.4001551579856857,5.381132402451819,0.22527474485182336,0.19269321975308643,0.030360943678415166,0.7365584498909278,0.18125,12.887032387850192,4.1727192926676935,16,559,stale_8
round_robin,steady,31,8,1800,1440,6abdec76a5cdeb4e07d682a70218d5ff8d9605ddaaed4f7cfba97e3845f1a405,13.708278029060653,26.866913331750055,16.59977256559041,29.957131995308913,12.951357722319758,0.7007349333333334,0.01318591432652204,0.0,0.7722222222222223,10.502121953233509,41.29454626955436,10,686,no_apc_8
least_wait,steady,31,8,1800,1440,6abdec76a5cdeb4e07d682a70218d5ff8d9605ddaaed4f7cfba97e3845f1a405,13.212484664069345,24.04770442527459,16.103959519100083,27.129005768593984,12.455436997964235,0.7007349333333334,0.013303435687003323,0.0,0.7548611111111111,11.255032855011445,29.829065600513076,10,640,no_apc_8
algorithm_one,steady,31,8,1800,1440,6abdec76a5cdeb4e07d682a70218d5ff8d9605ddaaed4f7cfba97e3845f1a405,14.214576644874503,30.21689026624061,17.10596354595467,33.35374479391356,13.457947122430227,0.7007349333333334,0.012896236931537877,0.0,0.0,9.707988202706447,55.31492876451162,11,742,no_apc_8
algorithm_two,steady,31,8,1800,1440,6abdec76a5cdeb4e07d682a70218d5ff8d9605ddaaed4f7cfba97e3845f1a405,13.556368659946113,24.611927162020308,16.44786732581919,27.76182098753857,12.799604464108105,0.7007349333333334,0.013027164600813938,0.0,0.7590277777777777,11.102707982582203,32.02322231745492,10,649,no_apc_8
round_robin,steady,47,8,1800,1440,bbb755350e7a4dfb6692cede3b0c9a2dc2ae8f6e718cef5760ce8c49a65222a1,17.345796511030755,31.351636746304138,20.22557583698303,34.21366945478633,16.57413386619268,0.7155475209876544,0.012783928075769184,0.0,0.7618055555555555,10.917840016775328,37.22099476616633,11,660,no_apc_8
least_wait,steady,47,8,1800,1440,bbb755350e7a4dfb6692cede3b0c9a2dc2ae8f6e718cef5760ce8c49a65222a1,16.223018949056318,26.42796912766407,19.102783142376886,29.381841483413467,15.450990060002303,0.7155475209876544,0.013152781627389608,0.0,0.7569444444444444,11.162916103602663,33.601407468401774,13,646,no_apc_8
algorithm_one,steady,47,8,1800,1440,bbb755350e7a4dfb6692cede3b0c9a2dc2ae8f6e718cef5760ce8c49a65222a1,17.040522666205284,52.7937752969395,19.9204376989187,55.6419383573307,16.268317061411384,0.7155475209876544,0.013339689266195769,0.0,0.0,9.299642801265524,65.90904025484262,10,775,no_apc_8
algorithm_two,steady,47,8,1800,1440,bbb755350e7a4dfb6692cede3b0c9a2dc2ae8f6e718cef5760ce8c49a65222a1,16.34659284503419,27.468991720164638,19.226475664984488,30.295886834888947,15.574656186384628,0.7155475209876544,0.013061289319364,0.0,0.7618055555555555,11.212285873656402,32.89140184803473,11,643,no_apc_8
round_robin,steady,89,8,1800,1440,506364b22749c6aee620c7e8b26e5a5881a2531296a168f70238698d158a8929,10.53766400189311,22.9294814370124,13.446775575113149,25.919754713069494,9.792820686197294,0.6887426024691358,0.01336126436364645,0.0,0.7527777777777778,10.984315879962065,28.367442477667254,10,656,no_apc_8
least_wait,steady,89,8,1800,1440,506364b22749c6aee620c7e8b26e5a5881a2531296a168f70238698d158a8929,9.110126122465202,16.888336155491572,12.019323623929859,19.8609050303465,8.365319554282614,0.6887426024691358,0.013322484779888616,0.0,0.7534722222222222,11.336691395953498,23.273912203510918,10,636,no_apc_8
algorithm_one,steady,89,8,1800,1440,506364b22749c6aee620c7e8b26e5a5881a2531296a168f70238698d158a8929,10.642183843554365,28.30787480421199,13.551259505676818,31.376634236463403,9.897723293262628,0.6887426024691358,0.012988874807089138,0.0,0.0,10.211712368689847,40.76561272046908,10,706,no_apc_8
algorithm_two,steady,89,8,1800,1440,506364b22749c6aee620c7e8b26e5a5881a2531296a168f70238698d158a8929,9.285944879750325,16.646273678763322,12.195086589166493,19.59286536634889,8.541055134026395,0.6887426024691358,0.013407773000627845,0.0,0.7486111111111111,11.353148135330825,23.04376077896964,11,635,no_apc_8
